<content>
  <org.weceem.content.Folder>
    <id class='java.lang.Long'>12</id>
    <aliasURI class='java.lang.String'>templates</aliasURI>
    <changedBy class='java.lang.String'>unknown</changedBy>
    <changedOn class='java.sql.Timestamp'>Tue Sep 22 01:34:34 2009</changedOn>
    <children class='org.hibernate.collection.PersistentSortedSet'>
      <org.weceem.content.Template>13</org.weceem.content.Template>
      <org.weceem.content.Template>14</org.weceem.content.Template>
      <org.weceem.content.Template>34</org.weceem.content.Template>
    </children>
    <createdBy class='java.lang.String'>unknown</createdBy>
    <createdOn class='java.sql.Timestamp'>Wed Sep 16 12:19:34 2009</createdOn>
    <orderIndex class='java.lang.Integer'>12</orderIndex>
    <status class='org.weceem.content.Status'>400</status>
    <title class='java.lang.String'>Templates</title>
  </org.weceem.content.Folder>
  <org.weceem.content.Template>
    <id class='java.lang.Long'>13</id>
    <aliasURI class='java.lang.String'>default-template</aliasURI>
    <changedBy class='java.lang.String'>unknown</changedBy>
    <changedOn class='java.sql.Timestamp'>Tue Sep 22 01:37:45 2009</changedOn>
    <children class='org.hibernate.collection.PersistentSortedSet' />
    <content class='java.lang.String'>&lt;html&gt;
&lt;head&gt;
&lt;wcm:widget path="widgets/common-head"/&gt;
&lt;/head&gt;
&lt;body&gt;
	&lt;wcm:widget path="widgets/header"/&gt;
		&lt;div class="span-24 prepend-top last" id="content"&gt;
			&lt;wcm:content/&gt;
		&lt;/div&gt;
	&lt;wcm:widget path="widgets/footer"/&gt;
&lt;/body&gt;
&lt;/html&gt;</content>
    <createdBy class='java.lang.String'>unknown</createdBy>
    <createdOn class='java.sql.Timestamp'>Thu Aug 27 02:23:08 2009</createdOn>
    <orderIndex class='java.lang.Integer'>2</orderIndex>
    <parent class='org.weceem.content.Folder'>12</parent>
    <status class='org.weceem.content.Status'>400</status>
    <title class='java.lang.String'>Default</title>
  </org.weceem.content.Template>
  <org.weceem.content.Template>
    <id class='java.lang.Long'>14</id>
    <aliasURI class='java.lang.String'>default-blog-template</aliasURI>
    <changedBy class='java.lang.String'>unknown</changedBy>
    <changedOn class='java.sql.Timestamp'>Tue Sep 22 01:42:59 2009</changedOn>
    <children class='org.hibernate.collection.PersistentSortedSet' />
    <content class='java.lang.String'>&lt;html&gt;
&lt;head&gt;
&lt;wcm:widget path="widgets/common-head"/&gt;
&lt;/head&gt;
&lt;body&gt;
	&lt;wcm:widget path="widgets/header"/&gt;

		&lt;div class="span-24 last" id="content"&gt;
		&lt;wcm:ifContentIs type="org.weceem.blog.Blog"&gt;
			&lt;wcm:eachChild type="org.weceem.blog.BlogEntry" var="child" max="${node.maxEntriesToDisplay}" sort="createdOn" order="DESC"&gt;
				&lt;% System.out.println "Rendering blog entry node $child" %&gt;
				&lt;wcm:widget model="[node:child]" path="widgets/blog-entry-widget"/&gt;
				&lt;hr/&gt;
			&lt;/wcm:eachChild&gt;
		&lt;/wcm:ifContentIs&gt;
		&lt;wcm:ifContentIs type="org.weceem.blog.BlogEntry"&gt;
			&lt;wcm:widget model="[node:node]" path="widgets/blog-entry-widget"/&gt;
			&lt;wcm:ifUserAllowedToEditContent&gt;
			&lt;g:link controller="editor" action="edit" id="${node.id}"&gt;Edit&lt;/g:link&gt;		
			&lt;/wcm:ifUserAllowedToEditContent&gt;
		&lt;/wcm:ifContentIs&gt;
		&lt;/div&gt;

	&lt;wcm:widget path="widgets/footer"/&gt;
&lt;/body&gt;
&lt;/html&gt;</content>
    <createdBy class='java.lang.String'>unknown</createdBy>
    <createdOn class='java.sql.Timestamp'>Thu Aug 27 02:27:45 2009</createdOn>
    <orderIndex class='java.lang.Integer'>3</orderIndex>
    <parent class='org.weceem.content.Folder'>12</parent>
    <status class='org.weceem.content.Status'>400</status>
    <title class='java.lang.String'>Default blog template</title>
  </org.weceem.content.Template>
  <org.weceem.content.Folder>
    <id class='java.lang.Long'>15</id>
    <aliasURI class='java.lang.String'>widgets</aliasURI>
    <changedBy class='java.lang.String'>unknown</changedBy>
    <changedOn class='java.sql.Timestamp'>Tue Sep 22 01:38:33 2009</changedOn>
    <children class='org.hibernate.collection.PersistentSortedSet'>
      <org.weceem.content.Widget>16</org.weceem.content.Widget>
      <org.weceem.content.Widget>33</org.weceem.content.Widget>
      <org.weceem.content.Widget>35</org.weceem.content.Widget>
      <org.weceem.content.Widget>36</org.weceem.content.Widget>
    </children>
    <createdBy class='java.lang.String'>unknown</createdBy>
    <createdOn class='java.sql.Timestamp'>Wed Sep 16 12:17:53 2009</createdOn>
    <orderIndex class='java.lang.Integer'>11</orderIndex>
    <status class='org.weceem.content.Status'>400</status>
    <title class='java.lang.String'>Widgets</title>
  </org.weceem.content.Folder>
  <org.weceem.content.Widget>
    <id class='java.lang.Long'>16</id>
    <aliasURI class='java.lang.String'>blog-entry-widget</aliasURI>
    <changedBy class='java.lang.String'>unknown</changedBy>
    <changedOn class='java.sql.Timestamp'>Wed Sep 16 12:18:04 2009</changedOn>
    <children class='org.hibernate.collection.PersistentSortedSet' />
    <content class='java.lang.String'>&lt;div class="blog-entry"&gt;
	&lt;h1 class="loud"&gt;${node.title.encodeAsHTML()}&lt;/h1&gt;
	&lt;div class="blog-entry-date"&gt;&lt;g:formatDate date="${node.createdOn}" format="dd MMM yyyy @ hh:mm:ss"/&gt;&lt;/div&gt;
	&lt;div class="blog-entry-content"&gt;
	${node.content}
	&lt;/div&gt;
	&lt;div class="blog-entry-post-info"&gt;
		&lt;wcm:ifUserCanEdit&gt;
		&lt;g:link controller="editor" action="edit" id="${node.id}"&gt;Edit&lt;/g:link&gt;		
		&lt;/wcm:ifUserCanEdit&gt; | 
		&lt;span class="quiet"&gt;&lt;wcm:countChildren node="${node}" type="org.weceem.content.Comment"/&gt; Comments&lt;/span&gt;
	&lt;/div&gt;
	
&lt;/div&gt;</content>
    <createdBy class='java.lang.String'>unknown</createdBy>
    <createdOn class='java.sql.Timestamp'>Thu Aug 27 02:34:11 2009</createdOn>
    <orderIndex class='java.lang.Integer'>1</orderIndex>
    <parent class='org.weceem.content.Folder'>15</parent>
    <status class='org.weceem.content.Status'>400</status>
    <title class='java.lang.String'>Blog entry widget</title>
  </org.weceem.content.Widget>
  <org.weceem.content.Folder>
    <id class='java.lang.Long'>17</id>
    <aliasURI class='java.lang.String'>css</aliasURI>
    <changedBy class='java.lang.String'>unknown</changedBy>
    <changedOn class='java.sql.Timestamp'>Tue Sep 22 12:59:23 2009</changedOn>
    <children class='org.hibernate.collection.PersistentSortedSet'>
      <org.weceem.css.StyleSheet>18</org.weceem.css.StyleSheet>
      <org.weceem.css.StyleSheet>23</org.weceem.css.StyleSheet>
      <org.weceem.css.StyleSheet>24</org.weceem.css.StyleSheet>
    </children>
    <createdBy class='java.lang.String'>unknown</createdBy>
    <createdOn class='java.sql.Timestamp'>Tue Sep 22 11:19:36 2009</createdOn>
    <orderIndex class='java.lang.Integer'>13</orderIndex>
    <status class='org.weceem.content.Status'>400</status>
    <title class='java.lang.String'>Stylesheets</title>
  </org.weceem.content.Folder>
  <org.weceem.css.StyleSheet>
    <id class='java.lang.Long'>18</id>
    <aliasURI class='java.lang.String'>default.css</aliasURI>
    <changedBy class='java.lang.String'>unknown</changedBy>
    <changedOn class='java.sql.Timestamp'>Tue Sep 22 12:46:09 2009</changedOn>
    <children class='org.hibernate.collection.PersistentSortedSet' />
    <content class='java.lang.String'>div.menu {
   border-bottom: 1px solid silver;
   margin-bottom: 20px;
}

div.menu ul {
   list-style-type: none;
   margin: 1em 0;
}

li.weceem-menu-level0 {
   display: block;
   float: left;
   
}

li.weceem-menu-level0 a {
    font-size: 1.5em;
    padding: 0.5em 1em;
    display: block;
}

.weceem-menu-first {
}

.weceem-menu-last {
}

.weceem-menu-active {
   font-weight: bold;
}
</content>
    <createdBy class='java.lang.String'>unknown</createdBy>
    <createdOn class='java.sql.Timestamp'>Thu Aug 27 02:41:26 2009</createdOn>
    <orderIndex class='java.lang.Integer'>1</orderIndex>
    <parent class='org.weceem.content.Folder'>17</parent>
    <status class='org.weceem.content.Status'>400</status>
    <title class='java.lang.String'>Default CSS</title>
  </org.weceem.css.StyleSheet>
  <org.weceem.html.HTMLContent>
    <id class='java.lang.Long'>19</id>
    <aliasURI class='java.lang.String'>index</aliasURI>
    <changedBy class='java.lang.String'>unknown</changedBy>
    <changedOn class='java.sql.Timestamp'>Tue Sep 22 12:59:22 2009</changedOn>
    <children class='org.hibernate.collection.PersistentSortedSet' />
    <content class='java.lang.String'>&lt;p&gt;This is the default Weceem space content. Use the &lt;a href="/weceem/admin"&gt;content repository to edit it&lt;/a&gt;.&lt;/p&gt;
&lt;p&gt;&amp;nbsp;&lt;/p&gt;
&lt;p&gt;For documentation visit&amp;nbsp;&lt;a href="http://weceem.org"&gt;www.weceem.org&lt;/a&gt;&lt;/p&gt;
&lt;p&gt;&amp;nbsp;&lt;/p&gt;</content>
    <createdBy class='java.lang.String'>unknown</createdBy>
    <createdOn class='java.sql.Timestamp'>Thu Aug 27 02:43:23 2009</createdOn>
    <orderIndex class='java.lang.Integer'>6</orderIndex>
    <status class='org.weceem.content.Status'>400</status>
    <template class='org.weceem.content.Template'>13</template>
    <title class='java.lang.String'>Welcome</title>
  </org.weceem.html.HTMLContent>
  <org.weceem.blog.Blog>
    <id class='java.lang.Long'>20</id>
    <aliasURI class='java.lang.String'>blog</aliasURI>
    <changedBy class='java.lang.String'>unknown</changedBy>
    <changedOn class='java.sql.Timestamp'>Tue Sep 22 12:59:23 2009</changedOn>
    <children class='org.hibernate.collection.PersistentSortedSet'>
      <org.weceem.blog.BlogEntry>21</org.weceem.blog.BlogEntry>
      <org.weceem.blog.BlogEntry>22</org.weceem.blog.BlogEntry>
    </children>
    <commentMarkup class='java.lang.String'></commentMarkup>
    <createdBy class='java.lang.String'>unknown</createdBy>
    <createdOn class='java.sql.Timestamp'>Mon Sep 07 04:28:02 2009</createdOn>
    <maxEntriesToDisplay class='java.lang.Integer'>5</maxEntriesToDisplay>
    <orderIndex class='java.lang.Integer'>10</orderIndex>
    <status class='org.weceem.content.Status'>400</status>
    <template class='org.weceem.content.Template'>14</template>
    <title class='java.lang.String'>My Blog</title>
  </org.weceem.blog.Blog>
  <org.weceem.blog.BlogEntry>
    <id class='java.lang.Long'>21</id>
    <aliasURI class='java.lang.String'>My-first-post</aliasURI>
    <changedBy class='java.lang.String'>unknown</changedBy>
    <changedOn class='java.sql.Timestamp'>Tue Sep 22 12:25:24 2009</changedOn>
    <children class='org.hibernate.collection.PersistentSortedSet'>
      <org.weceem.content.Comment>25</org.weceem.content.Comment>
    </children>
    <content class='java.lang.String'>&lt;p&gt;Hello world. Does it render?&lt;/p&gt;</content>
    <createdBy class='java.lang.String'>unknown</createdBy>
    <createdOn class='java.sql.Timestamp'>Mon Sep 07 04:29:05 2009</createdOn>
    <keywords class='java.lang.String'></keywords>
    <orderIndex class='java.lang.Integer'>0</orderIndex>
    <parent class='org.weceem.blog.Blog'>20</parent>
    <status class='org.weceem.content.Status'>400</status>
    <title class='java.lang.String'>My first post</title>
  </org.weceem.blog.BlogEntry>
  <org.weceem.blog.BlogEntry>
    <id class='java.lang.Long'>22</id>
    <aliasURI class='java.lang.String'>My-second-blog-post</aliasURI>
    <changedBy class='java.lang.String'>unknown</changedBy>
    <changedOn class='java.sql.Timestamp'>Tue Sep 22 11:05:27 2009</changedOn>
    <children class='org.hibernate.collection.PersistentSortedSet' />
    <content class='java.lang.String'>&lt;p&gt;This is the second blog post&lt;/p&gt;</content>
    <createdBy class='java.lang.String'>unknown</createdBy>
    <createdOn class='java.sql.Timestamp'>Tue Sep 08 10:08:06 2009</createdOn>
    <keywords class='java.lang.String'></keywords>
    <orderIndex class='java.lang.Integer'>1</orderIndex>
    <parent class='org.weceem.blog.Blog'>20</parent>
    <status class='org.weceem.content.Status'>400</status>
    <title class='java.lang.String'>My second blog post</title>
  </org.weceem.blog.BlogEntry>
  <org.weceem.css.StyleSheet>
    <id class='java.lang.Long'>23</id>
    <aliasURI class='java.lang.String'>blueprint-screen.css</aliasURI>
    <changedBy class='java.lang.String'>unknown</changedBy>
    <changedOn class='java.sql.Timestamp'>Tue Sep 22 11:22:42 2009</changedOn>
    <children class='org.hibernate.collection.PersistentSortedSet' />
    <content class='java.lang.String'>/* -----------------------------------------------------------------------


 Blueprint CSS Framework 0.8
 http://blueprintcss.org

   * Copyright (c) 2007-Present. See LICENSE for more info.
   * See README for instructions on how to use Blueprint.
   * For credits and origins, see AUTHORS.
   * This is a compressed file. See the sources in the 'src' directory.

----------------------------------------------------------------------- */

/* reset.css */
html, body, div, span, object, iframe, h1, h2, h3, h4, h5, h6, p, blockquote, pre, a, abbr, acronym, address, code, del, dfn, em, img, q, dl, dt, dd, ol, ul, li, fieldset, form, label, legend, table, caption, tbody, tfoot, thead, tr, th, td {margin:0;padding:0;border:0;font-weight:inherit;font-style:inherit;font-size:100%;font-family:inherit;vertical-align:baseline;}
body {line-height:1.5;}
table {border-collapse:separate;border-spacing:0;}
caption, th, td {text-align:left;font-weight:normal;}
table, td, th {vertical-align:middle;}
blockquote:before, blockquote:after, q:before, q:after {content:"";}
blockquote, q {quotes:"" "";}
a img {border:none;}

/* typography.css */
body {font-size:75%;color:#222;background:#fff;font-family:"Helvetica Neue", Arial, Helvetica, sans-serif;}
h1, h2, h3, h4, h5, h6 {font-weight:normal;color:#111;}
h1 {font-size:3em;line-height:1;margin-bottom:0.5em;}
h2 {font-size:2em;margin-bottom:0.75em;}
h3 {font-size:1.5em;line-height:1;margin-bottom:1em;}
h4 {font-size:1.2em;line-height:1.25;margin-bottom:1.25em;}
h5 {font-size:1em;font-weight:bold;margin-bottom:1.5em;}
h6 {font-size:1em;font-weight:bold;}
h1 img, h2 img, h3 img, h4 img, h5 img, h6 img {margin:0;}
p {margin:0 0 1.5em;}
p img.left {float:left;margin:1.5em 1.5em 1.5em 0;padding:0;}
p img.right {float:right;margin:1.5em 0 1.5em 1.5em;}
a:focus, a:hover {color:#000;}
a {color:#009;text-decoration:underline;}
blockquote {margin:1.5em;color:#666;font-style:italic;}
strong {font-weight:bold;}
em, dfn {font-style:italic;}
dfn {font-weight:bold;}
sup, sub {line-height:0;}
abbr, acronym {border-bottom:1px dotted #666;}
address {margin:0 0 1.5em;font-style:italic;}
del {color:#666;}
pre {margin:1.5em 0;white-space:pre;}
pre, code, tt {font:1em 'andale mono', 'lucida console', monospace;line-height:1.5;}
li ul, li ol {margin:0 1.5em;}
ul, ol {margin:0 1.5em 1.5em 1.5em;}
ul {list-style-type:disc;}
ol {list-style-type:decimal;}
dl {margin:0 0 1.5em 0;}
dl dt {font-weight:bold;}
dd {margin-left:1.5em;}
table {margin-bottom:1.4em;width:100%;}
th {font-weight:bold;}
thead th {background:#c3d9ff;}
th, td, caption {padding:4px 10px 4px 5px;}
tr.even td {background:#e5ecf9;}
tfoot {font-style:italic;}
caption {background:#eee;}
.small {font-size:.8em;margin-bottom:1.875em;line-height:1.875em;}
.large {font-size:1.2em;line-height:2.5em;margin-bottom:1.25em;}
.hide {display:none;}
.quiet {color:#666;}
.loud {color:#000;}
.highlight {background:#ff0;}
.added {background:#060;color:#fff;}
.removed {background:#900;color:#fff;}
.first {margin-left:0;padding-left:0;}
.last {margin-right:0;padding-right:0;}
.top {margin-top:0;padding-top:0;}
.bottom {margin-bottom:0;padding-bottom:0;}

/* forms.css */
label {font-weight:bold;}
fieldset {padding:1.4em;margin:0 0 1.5em 0;border:1px solid #ccc;}
legend {font-weight:bold;font-size:1.2em;}
input.text, input.title, textarea, select {margin:0.5em 0;border:1px solid #bbb;}
input.text:focus, input.title:focus, textarea:focus, select:focus {border:1px solid #666;}
input.text, input.title {width:300px;padding:5px;}
input.title {font-size:1.5em;}
textarea {width:390px;height:250px;padding:5px;}
.error, .notice, .success {padding:.8em;margin-bottom:1em;border:2px solid #ddd;}
.error {background:#FBE3E4;color:#8a1f11;border-color:#FBC2C4;}
.notice {background:#FFF6BF;color:#514721;border-color:#FFD324;}
.success {background:#E6EFC2;color:#264409;border-color:#C6D880;}
.error a {color:#8a1f11;}
.notice a {color:#514721;}
.success a {color:#264409;}

/* grid.css */
.container {width:950px;margin:0 auto;}
.showgrid {background:url(src/grid.png);}
.column, div.span-1, div.span-2, div.span-3, div.span-4, div.span-5, div.span-6, div.span-7, div.span-8, div.span-9, div.span-10, div.span-11, div.span-12, div.span-13, div.span-14, div.span-15, div.span-16, div.span-17, div.span-18, div.span-19, div.span-20, div.span-21, div.span-22, div.span-23, div.span-24 {float:left;margin-right:10px;}
.last, div.last {margin-right:0;}
.span-1 {width:30px;}
.span-2 {width:70px;}
.span-3 {width:110px;}
.span-4 {width:150px;}
.span-5 {width:190px;}
.span-6 {width:230px;}
.span-7 {width:270px;}
.span-8 {width:310px;}
.span-9 {width:350px;}
.span-10 {width:390px;}
.span-11 {width:430px;}
.span-12 {width:470px;}
.span-13 {width:510px;}
.span-14 {width:550px;}
.span-15 {width:590px;}
.span-16 {width:630px;}
.span-17 {width:670px;}
.span-18 {width:710px;}
.span-19 {width:750px;}
.span-20 {width:790px;}
.span-21 {width:830px;}
.span-22 {width:870px;}
.span-23 {width:910px;}
.span-24, div.span-24 {width:950px;margin:0;}
input.span-1, textarea.span-1, input.span-2, textarea.span-2, input.span-3, textarea.span-3, input.span-4, textarea.span-4, input.span-5, textarea.span-5, input.span-6, textarea.span-6, input.span-7, textarea.span-7, input.span-8, textarea.span-8, input.span-9, textarea.span-9, input.span-10, textarea.span-10, input.span-11, textarea.span-11, input.span-12, textarea.span-12, input.span-13, textarea.span-13, input.span-14, textarea.span-14, input.span-15, textarea.span-15, input.span-16, textarea.span-16, input.span-17, textarea.span-17, input.span-18, textarea.span-18, input.span-19, textarea.span-19, input.span-20, textarea.span-20, input.span-21, textarea.span-21, input.span-22, textarea.span-22, input.span-23, textarea.span-23, input.span-24, textarea.span-24 {border-left-width:1px!important;border-right-width:1px!important;padding-left:5px!important;padding-right:5px!important;}
input.span-1, textarea.span-1 {width:18px!important;}
input.span-2, textarea.span-2 {width:58px!important;}
input.span-3, textarea.span-3 {width:98px!important;}
input.span-4, textarea.span-4 {width:138px!important;}
input.span-5, textarea.span-5 {width:178px!important;}
input.span-6, textarea.span-6 {width:218px!important;}
input.span-7, textarea.span-7 {width:258px!important;}
input.span-8, textarea.span-8 {width:298px!important;}
input.span-9, textarea.span-9 {width:338px!important;}
input.span-10, textarea.span-10 {width:378px!important;}
input.span-11, textarea.span-11 {width:418px!important;}
input.span-12, textarea.span-12 {width:458px!important;}
input.span-13, textarea.span-13 {width:498px!important;}
input.span-14, textarea.span-14 {width:538px!important;}
input.span-15, textarea.span-15 {width:578px!important;}
input.span-16, textarea.span-16 {width:618px!important;}
input.span-17, textarea.span-17 {width:658px!important;}
input.span-18, textarea.span-18 {width:698px!important;}
input.span-19, textarea.span-19 {width:738px!important;}
input.span-20, textarea.span-20 {width:778px!important;}
input.span-21, textarea.span-21 {width:818px!important;}
input.span-22, textarea.span-22 {width:858px!important;}
input.span-23, textarea.span-23 {width:898px!important;}
input.span-24, textarea.span-24 {width:938px!important;}
.append-1 {padding-right:40px;}
.append-2 {padding-right:80px;}
.append-3 {padding-right:120px;}
.append-4 {padding-right:160px;}
.append-5 {padding-right:200px;}
.append-6 {padding-right:240px;}
.append-7 {padding-right:280px;}
.append-8 {padding-right:320px;}
.append-9 {padding-right:360px;}
.append-10 {padding-right:400px;}
.append-11 {padding-right:440px;}
.append-12 {padding-right:480px;}
.append-13 {padding-right:520px;}
.append-14 {padding-right:560px;}
.append-15 {padding-right:600px;}
.append-16 {padding-right:640px;}
.append-17 {padding-right:680px;}
.append-18 {padding-right:720px;}
.append-19 {padding-right:760px;}
.append-20 {padding-right:800px;}
.append-21 {padding-right:840px;}
.append-22 {padding-right:880px;}
.append-23 {padding-right:920px;}
.prepend-1 {padding-left:40px;}
.prepend-2 {padding-left:80px;}
.prepend-3 {padding-left:120px;}
.prepend-4 {padding-left:160px;}
.prepend-5 {padding-left:200px;}
.prepend-6 {padding-left:240px;}
.prepend-7 {padding-left:280px;}
.prepend-8 {padding-left:320px;}
.prepend-9 {padding-left:360px;}
.prepend-10 {padding-left:400px;}
.prepend-11 {padding-left:440px;}
.prepend-12 {padding-left:480px;}
.prepend-13 {padding-left:520px;}
.prepend-14 {padding-left:560px;}
.prepend-15 {padding-left:600px;}
.prepend-16 {padding-left:640px;}
.prepend-17 {padding-left:680px;}
.prepend-18 {padding-left:720px;}
.prepend-19 {padding-left:760px;}
.prepend-20 {padding-left:800px;}
.prepend-21 {padding-left:840px;}
.prepend-22 {padding-left:880px;}
.prepend-23 {padding-left:920px;}
div.border {padding-right:4px;margin-right:5px;border-right:1px solid #eee;}
div.colborder {padding-right:24px;margin-right:25px;border-right:1px solid #eee;}
.pull-1 {margin-left:-40px;}
.pull-2 {margin-left:-80px;}
.pull-3 {margin-left:-120px;}
.pull-4 {margin-left:-160px;}
.pull-5 {margin-left:-200px;}
.pull-6 {margin-left:-240px;}
.pull-7 {margin-left:-280px;}
.pull-8 {margin-left:-320px;}
.pull-9 {margin-left:-360px;}
.pull-10 {margin-left:-400px;}
.pull-11 {margin-left:-440px;}
.pull-12 {margin-left:-480px;}
.pull-13 {margin-left:-520px;}
.pull-14 {margin-left:-560px;}
.pull-15 {margin-left:-600px;}
.pull-16 {margin-left:-640px;}
.pull-17 {margin-left:-680px;}
.pull-18 {margin-left:-720px;}
.pull-19 {margin-left:-760px;}
.pull-20 {margin-left:-800px;}
.pull-21 {margin-left:-840px;}
.pull-22 {margin-left:-880px;}
.pull-23 {margin-left:-920px;}
.pull-24 {margin-left:-960px;}
.pull-1, .pull-2, .pull-3, .pull-4, .pull-5, .pull-6, .pull-7, .pull-8, .pull-9, .pull-10, .pull-11, .pull-12, .pull-13, .pull-14, .pull-15, .pull-16, .pull-17, .pull-18, .pull-19, .pull-20, .pull-21, .pull-22, .pull-23, .pull-24 {float:left;position:relative;}
.push-1 {margin:0 -40px 1.5em 40px;}
.push-2 {margin:0 -80px 1.5em 80px;}
.push-3 {margin:0 -120px 1.5em 120px;}
.push-4 {margin:0 -160px 1.5em 160px;}
.push-5 {margin:0 -200px 1.5em 200px;}
.push-6 {margin:0 -240px 1.5em 240px;}
.push-7 {margin:0 -280px 1.5em 280px;}
.push-8 {margin:0 -320px 1.5em 320px;}
.push-9 {margin:0 -360px 1.5em 360px;}
.push-10 {margin:0 -400px 1.5em 400px;}
.push-11 {margin:0 -440px 1.5em 440px;}
.push-12 {margin:0 -480px 1.5em 480px;}
.push-13 {margin:0 -520px 1.5em 520px;}
.push-14 {margin:0 -560px 1.5em 560px;}
.push-15 {margin:0 -600px 1.5em 600px;}
.push-16 {margin:0 -640px 1.5em 640px;}
.push-17 {margin:0 -680px 1.5em 680px;}
.push-18 {margin:0 -720px 1.5em 720px;}
.push-19 {margin:0 -760px 1.5em 760px;}
.push-20 {margin:0 -800px 1.5em 800px;}
.push-21 {margin:0 -840px 1.5em 840px;}
.push-22 {margin:0 -880px 1.5em 880px;}
.push-23 {margin:0 -920px 1.5em 920px;}
.push-24 {margin:0 -960px 1.5em 960px;}
.push-1, .push-2, .push-3, .push-4, .push-5, .push-6, .push-7, .push-8, .push-9, .push-10, .push-11, .push-12, .push-13, .push-14, .push-15, .push-16, .push-17, .push-18, .push-19, .push-20, .push-21, .push-22, .push-23, .push-24 {float:right;position:relative;}
.prepend-top {margin-top:1.5em;}
.append-bottom {margin-bottom:1.5em;}
.box {padding:1.5em;margin-bottom:1.5em;background:#E5ECF9;}
hr {background:#ddd;color:#ddd;clear:both;float:none;width:100%;height:.1em;margin:0 0 1.45em;border:none;}
hr.space {background:#fff;color:#fff;}
.clearfix:after, .container:after {content:"\0020";display:block;height:0;clear:both;visibility:hidden;overflow:hidden;}
.clearfix, .container {display:block;}
.clear {clear:both;}</content>
    <createdBy class='java.lang.String'>unknown</createdBy>
    <createdOn class='java.sql.Timestamp'>Tue Sep 08 11:42:16 2009</createdOn>
    <orderIndex class='java.lang.Integer'>2</orderIndex>
    <parent class='org.weceem.content.Folder'>17</parent>
    <status class='org.weceem.content.Status'>400</status>
    <title class='java.lang.String'>Blueprint CSS</title>
  </org.weceem.css.StyleSheet>
  <org.weceem.css.StyleSheet>
    <id class='java.lang.Long'>24</id>
    <aliasURI class='java.lang.String'>blueprint-ie.css</aliasURI>
    <changedBy class='java.lang.String'>unknown</changedBy>
    <changedOn class='java.sql.Timestamp'>Tue Sep 22 11:20:37 2009</changedOn>
    <children class='org.hibernate.collection.PersistentSortedSet' />
    <content class='java.lang.String'>/* -----------------------------------------------------------------------


 Blueprint CSS Framework 0.8
 http://blueprintcss.org

   * Copyright (c) 2007-Present. See LICENSE for more info.
   * See README for instructions on how to use Blueprint.
   * For credits and origins, see AUTHORS.
   * This is a compressed file. See the sources in the 'src' directory.

----------------------------------------------------------------------- */

/* ie.css */
body {text-align:center;}
.container {text-align:left;}
* html .column, * html div.span-1, * html div.span-2, * html div.span-3, * html div.span-4, * html div.span-5, * html div.span-6, * html div.span-7, * html div.span-8, * html div.span-9, * html div.span-10, * html div.span-11, * html div.span-12, * html div.span-13, * html div.span-14, * html div.span-15, * html div.span-16, * html div.span-17, * html div.span-18, * html div.span-19, * html div.span-20, * html div.span-21, * html div.span-22, * html div.span-23, * html div.span-24 {overflow-x:hidden;}
* html legend {margin:0px -8px 16px 0;padding:0;}
ol {margin-left:2em;}
sup {vertical-align:text-top;}
sub {vertical-align:text-bottom;}
html&gt;body p code {*white-space:normal;}
hr {margin:-8px auto 11px;}
img {-ms-interpolation-mode:bicubic;}
.clearfix, .container {display:inline-block;}
* html .clearfix, * html .container {height:1%;}
fieldset {padding-top:0;}</content>
    <createdBy class='java.lang.String'>unknown</createdBy>
    <createdOn class='java.sql.Timestamp'>Tue Sep 08 11:43:17 2009</createdOn>
    <orderIndex class='java.lang.Integer'>3</orderIndex>
    <parent class='org.weceem.content.Folder'>17</parent>
    <status class='org.weceem.content.Status'>400</status>
    <title class='java.lang.String'>Blueprint IE CSS</title>
  </org.weceem.css.StyleSheet>
  <org.weceem.content.Comment>
    <id class='java.lang.Long'>25</id>
    <aliasURI class='java.lang.String'>Your-first-post-was-boring</aliasURI>
    <author class='java.lang.String'>Marc Palmer</author>
    <changedBy class='java.lang.String'>unknown</changedBy>
    <changedOn class='java.sql.Timestamp'>Tue Sep 22 11:06:11 2009</changedOn>
    <children class='org.hibernate.collection.PersistentSortedSet' />
    <content class='java.lang.String'>Seriously, your post was so dull I nearly fell asleep</content>
    <createdBy class='java.lang.String'>unknown</createdBy>
    <createdOn class='java.sql.Timestamp'>Tue Sep 08 12:39:03 2009</createdOn>
    <email class='java.lang.String'>marc@grailsrocks.com</email>
    <ipAddress class='java.lang.String'>127.0.0.1</ipAddress>
    <orderIndex class='java.lang.Integer'>0</orderIndex>
    <parent class='org.weceem.blog.BlogEntry'>21</parent>
    <status class='org.weceem.content.Status'>400</status>
    <title class='java.lang.String'>Your first post was boring</title>
    <websiteUrl class='java.lang.String'>http://www.anyware.co.uk</websiteUrl>
  </org.weceem.content.Comment>
  <org.weceem.files.ContentDirectory>
    <id class='java.lang.Long'>26</id>
    <absoluteURI class='java.lang.String'>Images</absoluteURI>
    <aliasURI class='java.lang.String'>Images</aliasURI>
    <changedBy class='java.lang.String'>unknown</changedBy>
    <changedOn class='java.sql.Timestamp'>Tue Sep 22 12:59:23 2009</changedOn>
    <children class='org.hibernate.collection.PersistentSortedSet'>
      <org.weceem.files.ContentFile>27</org.weceem.files.ContentFile>
    </children>
    <createdBy class='java.lang.String'>unknown</createdBy>
    <createdOn class='java.sql.Timestamp'>Tue Sep 22 11:08:29 2009</createdOn>
    <fileSize class='java.lang.Long'>0</fileSize>
    <filesCount class='java.lang.Integer'>1</filesCount>
    <orderIndex class='java.lang.Integer'>14</orderIndex>
    <status class='org.weceem.content.Status'>400</status>
    <syncStatus class='java.lang.Short'>0</syncStatus>
    <title class='java.lang.String'>Images</title>
    <titleForHTML class='java.lang.String'>Images</titleForHTML>
    <titleForMenu class='java.lang.String'>Images</titleForMenu>
  </org.weceem.files.ContentDirectory>
  <org.weceem.files.ContentFile>
    <id class='java.lang.Long'>27</id>
    <absoluteURI class='java.lang.String'>Images/weceem-logo.png</absoluteURI>
    <aliasURI class='java.lang.String'>weceem-logo.png</aliasURI>
    <children class='org.hibernate.collection.PersistentSortedSet' />
    <createdBy class='java.lang.String'>unknown</createdBy>
    <createdOn class='java.sql.Timestamp'>Tue Sep 22 11:09:55 2009</createdOn>
    <fileSize class='java.lang.Long'>3393</fileSize>
    <orderIndex class='java.lang.Integer'>0</orderIndex>
    <parent class='org.weceem.files.ContentDirectory'>26</parent>
    <status class='org.weceem.content.Status'>400</status>
    <syncStatus class='java.lang.Short'>0</syncStatus>
    <title class='java.lang.String'>weceem-logo.png</title>
    <titleForHTML class='java.lang.String'>weceem-logo.png</titleForHTML>
    <titleForMenu class='java.lang.String'>weceem-logo.png</titleForMenu>
  </org.weceem.files.ContentFile>
  <org.weceem.html.HTMLContent>
    <id class='java.lang.Long'>28</id>
    <aliasURI class='java.lang.String'>about</aliasURI>
    <changedBy class='java.lang.String'>unknown</changedBy>
    <changedOn class='java.sql.Timestamp'>Tue Sep 22 12:59:22 2009</changedOn>
    <children class='org.hibernate.collection.PersistentSortedSet' />
    <content class='java.lang.String'>&lt;p&gt;This is where we tell everyone what we do&lt;/p&gt;</content>
    <createdBy class='java.lang.String'>unknown</createdBy>
    <createdOn class='java.sql.Timestamp'>Tue Sep 22 12:26:17 2009</createdOn>
    <htmlTitle class='java.lang.String'>About our company, SEO keywords and how great we are</htmlTitle>
    <menuTitle class='java.lang.String'>About</menuTitle>
    <orderIndex class='java.lang.Integer'>8</orderIndex>
    <status class='org.weceem.content.Status'>400</status>
    <template class='org.weceem.content.Template'>13</template>
    <title class='java.lang.String'>About us</title>
  </org.weceem.html.HTMLContent>
  <org.weceem.html.HTMLContent>
    <id class='java.lang.Long'>29</id>
    <aliasURI class='java.lang.String'>contact</aliasURI>
    <changedBy class='java.lang.String'>unknown</changedBy>
    <changedOn class='java.sql.Timestamp'>Tue Sep 22 12:59:22 2009</changedOn>
    <children class='org.hibernate.collection.PersistentSortedSet' />
    <content class='java.lang.String'>&lt;p&gt;Contact us&lt;/p&gt;</content>
    <createdBy class='java.lang.String'>unknown</createdBy>
    <createdOn class='java.sql.Timestamp'>Tue Sep 22 12:27:39 2009</createdOn>
    <menuTitle class='java.lang.String'>Contact</menuTitle>
    <orderIndex class='java.lang.Integer'>9</orderIndex>
    <status class='org.weceem.content.Status'>400</status>
    <template class='org.weceem.content.Template'>13</template>
    <title class='java.lang.String'>Contact us</title>
  </org.weceem.html.HTMLContent>
  <org.weceem.html.HTMLContent>
    <id class='java.lang.Long'>30</id>
    <aliasURI class='java.lang.String'>Products</aliasURI>
    <changedBy class='java.lang.String'>unknown</changedBy>
    <changedOn class='java.sql.Timestamp'>Tue Sep 22 01:34:45 2009</changedOn>
    <children class='org.hibernate.collection.PersistentSortedSet'>
      <org.weceem.html.HTMLContent>31</org.weceem.html.HTMLContent>
      <org.weceem.html.HTMLContent>32</org.weceem.html.HTMLContent>
    </children>
    <content class='java.lang.String'>&lt;p&gt;About our products stuff goes here&lt;/p&gt;</content>
    <createdBy class='java.lang.String'>unknown</createdBy>
    <createdOn class='java.sql.Timestamp'>Tue Sep 22 12:51:16 2009</createdOn>
    <orderIndex class='java.lang.Integer'>7</orderIndex>
    <status class='org.weceem.content.Status'>400</status>
    <template class='org.weceem.content.Template'>34</template>
    <title class='java.lang.String'>Products</title>
  </org.weceem.html.HTMLContent>
  <org.weceem.html.HTMLContent>
    <id class='java.lang.Long'>31</id>
    <aliasURI class='java.lang.String'>Acme-2000</aliasURI>
    <children class='org.hibernate.collection.PersistentSortedSet' />
    <content class='java.lang.String'>&lt;p&gt;Our new ACME 2000 is great&lt;/p&gt;</content>
    <createdBy class='java.lang.String'>unknown</createdBy>
    <createdOn class='java.sql.Timestamp'>Tue Sep 22 12:53:29 2009</createdOn>
    <orderIndex class='java.lang.Integer'>0</orderIndex>
    <parent class='org.weceem.html.HTMLContent'>30</parent>
    <status class='org.weceem.content.Status'>400</status>
    <title class='java.lang.String'>Acme 2000</title>
  </org.weceem.html.HTMLContent>
  <org.weceem.html.HTMLContent>
    <id class='java.lang.Long'>32</id>
    <aliasURI class='java.lang.String'>Acme-3000</aliasURI>
    <children class='org.hibernate.collection.PersistentSortedSet' />
    <content class='java.lang.String'>&lt;p&gt;The Acme 3000 is superior even to the Acme 2000.&lt;/p&gt;</content>
    <createdBy class='java.lang.String'>unknown</createdBy>
    <createdOn class='java.sql.Timestamp'>Tue Sep 22 12:54:14 2009</createdOn>
    <orderIndex class='java.lang.Integer'>1</orderIndex>
    <parent class='org.weceem.html.HTMLContent'>30</parent>
    <status class='org.weceem.content.Status'>400</status>
    <title class='java.lang.String'>Acme 3000</title>
  </org.weceem.html.HTMLContent>
  <org.weceem.content.Widget>
    <id class='java.lang.Long'>33</id>
    <aliasURI class='java.lang.String'>common-head</aliasURI>
    <changedBy class='java.lang.String'>unknown</changedBy>
    <changedOn class='java.sql.Timestamp'>Tue Sep 22 01:36:04 2009</changedOn>
    <children class='org.hibernate.collection.PersistentSortedSet' />
    <content class='java.lang.String'>&lt;title&gt;${node.title.encodeAsHTML()}&lt;/title&gt;
&lt;link rel="stylesheet" type="text/css" href="${wcm.createLink(path:'css/blueprint-screen.css')}" media="screen, projection"/&gt;
&lt;!--[if IE]&gt;&lt;link rel="stylesheet" type="text/css" href="${wcm.createLink(path:'css/blueprint-ie.css')}" media="screen, projection" /&gt;&lt;![endif]--&gt;		
&lt;link rel="stylesheet" type="text/css" href="${wcm.createLink(path:'css/default.css')}" media="screen, projection"/&gt;
</content>
    <createdBy class='java.lang.String'>unknown</createdBy>
    <createdOn class='java.sql.Timestamp'>Tue Sep 22 01:32:35 2009</createdOn>
    <orderIndex class='java.lang.Integer'>2</orderIndex>
    <parent class='org.weceem.content.Folder'>15</parent>
    <status class='org.weceem.content.Status'>400</status>
    <title class='java.lang.String'>Common HEAD section</title>
  </org.weceem.content.Widget>
  <org.weceem.content.Template>
    <id class='java.lang.Long'>34</id>
    <aliasURI class='java.lang.String'>Default-with-child-nodes-liste</aliasURI>
    <changedBy class='java.lang.String'>unknown</changedBy>
    <changedOn class='java.sql.Timestamp'>Tue Sep 22 01:40:20 2009</changedOn>
    <children class='org.hibernate.collection.PersistentSortedSet' />
    <content class='java.lang.String'>&lt;html&gt;
&lt;head&gt;
&lt;wcm:widget path="widgets/common-head"/&gt;
&lt;/head&gt;
&lt;body&gt;
	&lt;wcm:widget path="widgets/header"/&gt;		
		&lt;div class="span-24 prepend-top last" id="content"&gt;
			&lt;wcm:content/&gt;
		&lt;/div&gt;
		
		&lt;div class="span-24 prepend-top last"&gt;
			&lt;wcm:eachChild var="c"&gt;
				&lt;wcm:link node="${c}"&gt;${c.title.encodeAsHTML()}&lt;/wcm:link&gt;&lt;br/&gt;
			&lt;/wcm:eachChild&gt;
		&lt;/div&gt;		
	&lt;wcm:widget path="widgets/footer"/&gt;
&lt;/body&gt;
&lt;/html&gt;</content>
    <createdBy class='java.lang.String'>unknown</createdBy>
    <createdOn class='java.sql.Timestamp'>Tue Sep 22 01:34:34 2009</createdOn>
    <orderIndex class='java.lang.Integer'>4</orderIndex>
    <parent class='org.weceem.content.Folder'>12</parent>
    <status class='org.weceem.content.Status'>400</status>
    <title class='java.lang.String'>Default with child nodes listed</title>
  </org.weceem.content.Template>
  <org.weceem.content.Widget>
    <id class='java.lang.Long'>35</id>
    <aliasURI class='java.lang.String'>header</aliasURI>
    <changedBy class='java.lang.String'>unknown</changedBy>
    <changedOn class='java.sql.Timestamp'>Tue Sep 22 01:51:35 2009</changedOn>
    <children class='org.hibernate.collection.PersistentSortedSet' />
    <content class='java.lang.String'>	&lt;wcm:ifUserCanEdit&gt;
	&lt;div class="container"&gt;
		&lt;div class="prepend-20 span-4 last" id="admin-functions"&gt;
			&lt;g:link controller="editor" action="edit" id="${node.id}"&gt;Edit&lt;/g:link&gt;		
		&lt;/div&gt;
	&lt;/div&gt;
	&lt;/wcm:ifUserCanEdit&gt;
	
	&lt;div class="container prepend-top"&gt;
		&lt;div class="span-24 last" id="content-title"&gt;
			&lt;img src="${wcm.createLinkToFile(path:'images/weceem-logo.png')}"/&gt;
		&lt;/div&gt;
	&lt;/div&gt;
	&lt;div class="container prepend-top "&gt;
		&lt;div class="span-24 last menu" id="content-menu"&gt;
			&lt;wcm:menu levels="1"/&gt;
		&lt;/div&gt;
		&lt;g:if test="${node.parent}"&gt;
		&lt;div class="span-24 last" id="content-breadcrumb"&gt;
			&lt;wcm:link path="/index"&gt;Home&lt;/wcm:link&gt; &amp;gt; &lt;wcm:breadcrumb/&gt;
		&lt;/div&gt;
		&lt;/g:if&gt;
		&lt;div class="span-24 last" id="content-title"&gt;
			&lt;h1&gt;${node.title.encodeAsHTML()}&lt;/h1&gt;
		&lt;/div&gt;
	</content>
    <createdBy class='java.lang.String'>unknown</createdBy>
    <createdOn class='java.sql.Timestamp'>Tue Sep 22 01:38:15 2009</createdOn>
    <orderIndex class='java.lang.Integer'>3</orderIndex>
    <parent class='org.weceem.content.Folder'>15</parent>
    <status class='org.weceem.content.Status'>400</status>
    <title class='java.lang.String'>Common header</title>
  </org.weceem.content.Widget>
  <org.weceem.content.Widget>
    <id class='java.lang.Long'>36</id>
    <aliasURI class='java.lang.String'>footer</aliasURI>
    <children class='org.hibernate.collection.PersistentSortedSet' />
    <content class='java.lang.String'>&lt;/div&gt;</content>
    <createdBy class='java.lang.String'>unknown</createdBy>
    <createdOn class='java.sql.Timestamp'>Tue Sep 22 01:38:33 2009</createdOn>
    <orderIndex class='java.lang.Integer'>4</orderIndex>
    <parent class='org.weceem.content.Folder'>15</parent>
    <status class='org.weceem.content.Status'>400</status>
    <title class='java.lang.String'>Common footer</title>
  </org.weceem.content.Widget>
</content>