<content>
  <org.weceem.content.WcmFolder>
    <id class='java.lang.Long'>153</id>
    <aliasURI class='java.lang.String'>templates</aliasURI>
    <changedBy class='java.lang.String'>unknown</changedBy>
    <changedOn class='java.sql.Timestamp'>Mon Apr 18 01:21:27 2011</changedOn>
    <children class='org.hibernate.collection.PersistentSortedSet'>
      <org.weceem.content.WcmTemplate>154</org.weceem.content.WcmTemplate>
      <org.weceem.content.WcmTemplate>155</org.weceem.content.WcmTemplate>
    </children>
    <createdBy class='java.lang.String'>unknown</createdBy>
    <createdOn class='java.sql.Timestamp'>Wed Sep 16 12:19:34 2009</createdOn>
    <orderIndex class='java.lang.Integer'>13</orderIndex>
    <publishFrom class='java.sql.Timestamp'>Wed Jun 23 03:42:22 2010</publishFrom>
    <status class='org.weceem.content.WcmStatus'>400</status>
    <title class='java.lang.String'>Templates</title>
    <validFor class='java.lang.Integer'>86400</validFor>
    <tags></tags>
  </org.weceem.content.WcmFolder>
  <org.weceem.content.WcmTemplate>
    <id class='java.lang.Long'>154</id>
    <aliasURI class='java.lang.String'>default-template</aliasURI>
    <changedBy class='java.lang.String'>unknown</changedBy>
    <changedOn class='java.sql.Timestamp'>Mon Apr 18 01:34:07 2011</changedOn>
    <children class='org.hibernate.collection.PersistentSortedSet' />
    <content class='java.lang.String'>&lt;html&gt;
&lt;head&gt;
&lt;!-- Render the common head tags to include CSS and JS files --&gt;
&lt;wcm:widget path="widgets/common-head"/&gt;
&lt;/head&gt;
&lt;body&gt;
  &lt;!-- Render the common header --&gt;
  &lt;wcm:widget path="widgets/header"/&gt;
    &lt;div&gt;
      &lt;div id="content"&gt;
        &lt;!-- Render the content of the current node --&gt;
        &lt;wcm:content/&gt;
      &lt;/div&gt;
    &lt;/div&gt;
  &lt;!-- Render the common footer --&gt;
  &lt;wcm:widget path="widgets/footer"/&gt;
&lt;/body&gt;
&lt;/html&gt;</content>
    <createdBy class='java.lang.String'>unknown</createdBy>
    <createdOn class='java.sql.Timestamp'>Thu Aug 27 02:23:08 2009</createdOn>
    <language class='java.lang.String'>eng</language>
    <orderIndex class='java.lang.Integer'>2</orderIndex>
    <parent class='org.weceem.content.WcmFolder'>153</parent>
    <publishFrom class='java.sql.Timestamp'>Wed Jun 23 03:42:00 2010</publishFrom>
    <status class='org.weceem.content.WcmStatus'>400</status>
    <title class='java.lang.String'>Default</title>
    <userSpecificContent class='java.lang.Boolean'>false</userSpecificContent>
    <validFor class='java.lang.Integer'>86400</validFor>
    <tags></tags>
  </org.weceem.content.WcmTemplate>
  <org.weceem.content.WcmTemplate>
    <id class='java.lang.Long'>155</id>
    <aliasURI class='java.lang.String'>default-blog-template</aliasURI>
    <changedBy class='java.lang.String'>unknown</changedBy>
    <changedOn class='java.sql.Timestamp'>Thu Nov 18 12:48:26 2010</changedOn>
    <children class='org.hibernate.collection.PersistentSortedSet' />
    <content class='java.lang.String'>&lt;html&gt;
&lt;head&gt;
&lt;wcm:widget path="widgets/common-head"/&gt;
&lt;wcm:ifContentIs type="org.weceem.blog.WcmBlog"&gt;  
  &lt;wcm:feedLink type="rss" path="${node.absoluteURI}"/&gt;  
  &lt;wcm:feedLink type="atom" path="${node.absoluteURI}"/&gt;  
&lt;/wcm:ifContentIs&gt;
&lt;/head&gt;
&lt;body&gt;
	
	&lt;!-- Include the standard page header --&gt;
	&lt;wcm:widget path="widgets/header"/&gt;

		&lt;div class="container prepend-top"&gt;
	
		&lt;div class="span-24 last" id="content"&gt;

	&lt;b&gt;Note: To create or edit blog entries, log in to the &lt;g:link controller="wcmRepository"&gt;content repository&lt;/g:link&gt;.&lt;/b&gt;
	
		&lt;!-- If the template is on a Blog node, render list of articles --&gt;
		&lt;wcm:ifContentIs type="org.weceem.blog.WcmBlog"&gt;
			&lt;wcm:eachChild type="org.weceem.blog.WcmBlogEntry" var="child" max="${node.maxEntriesToDisplay}" sort="publishFrom" order="desc"&gt;
				&lt;!-- Render the BlogEntry using the widget --&gt;
				&lt;div class="blog-entry"&gt;
					&lt;h1 class="loud"&gt;&lt;wcm:link node="${child}"&gt;${child.title.encodeAsHTML()}&lt;/wcm:link&gt;&lt;/h1&gt;
					&lt;wcm:widget model="[node:child]" path="widgets/blog-entry-widget"/&gt;
				&lt;/div&gt;
			&lt;/wcm:eachChild&gt;
			&lt;div id="blogArchiveList"&gt;
			   &lt;h2&gt;Archive&lt;/h2&gt;
			   &lt;ul&gt;
			      &lt;wcm:archiveList path="${node}"&gt;
			          &lt;li&gt;&lt;a href="${link}"&gt;${wcm.monthName(value:month).encodeAsHTML()} ${year}&lt;/a&gt;&lt;/li&gt;
			      &lt;/wcm:archiveList&gt;
			   &lt;/ul&gt;
			&lt;/div&gt;
		&lt;/wcm:ifContentIs&gt;

		&lt;!-- If the template is on a BlogEntry node, render just this article --&gt;
		&lt;wcm:ifContentIs type="org.weceem.blog.WcmBlogEntry"&gt;
			&lt;!-- Render the BlogEntry using the widget --&gt;
			&lt;div class="blog-entry"&gt;
				&lt;wcm:widget model="[node:node]" path="widgets/blog-entry-widget"/&gt;
			&lt;/div&gt;
			&lt;wcm:ifUserCanEdit&gt;
				&lt;g:link controller="wcmEditor" action="edit" id="${node.id}"&gt;Edit&lt;/g:link&gt;		
			&lt;/wcm:ifUserCanEdit&gt;
			&lt;h3&gt;Comments&lt;/h3&gt;
			&lt;g:set var="hasComments" value="${false}"/&gt;
			&lt;wcm:eachComment&gt;
	                    &lt;g:set var="hasComments" value="${true}"/&gt;
			    &lt;h4&gt;${comment.title.encodeAsHTML()}&lt;/h4&gt; by ${comment.author.encodeAsHTML()} on ${comment.createdOn}
			    &lt;p&gt;${comment.content.encodeAsHTML()}&lt;/p&gt;
			&lt;/wcm:eachComment&gt;
			&lt;g:if test="${!hasComments}"&gt;There are no comments yet.&lt;/g:if&gt;
			&lt;h3&gt;Submit a comment&lt;/h3&gt;
			&lt;wcm:uiMessage&gt;&lt;p&gt;&lt;g:message code="${message}" encodeAs="HTML"/&gt;&lt;/p&gt;&lt;/wcm:uiMessage&gt;
			&lt;wcm:widget path="widgets/comment-submission-form" model="[parentContent:node]"/&gt;
		&lt;/wcm:ifContentIs&gt;
		&lt;/div&gt;
		&lt;/div&gt;
	&lt;!-- Render the common footer --&gt;
	&lt;wcm:widget path="widgets/footer"/&gt;
&lt;/body&gt;
&lt;/html&gt;</content>
    <createdBy class='java.lang.String'>unknown</createdBy>
    <createdOn class='java.sql.Timestamp'>Thu Aug 27 02:27:45 2009</createdOn>
    <language class='java.lang.String'>eng</language>
    <orderIndex class='java.lang.Integer'>3</orderIndex>
    <parent class='org.weceem.content.WcmFolder'>153</parent>
    <publishFrom class='java.sql.Timestamp'>Wed Jun 23 03:42:00 2010</publishFrom>
    <status class='org.weceem.content.WcmStatus'>400</status>
    <title class='java.lang.String'>Default blog template</title>
    <validFor class='java.lang.Integer'>86400</validFor>
    <tags></tags>
  </org.weceem.content.WcmTemplate>
  <org.weceem.content.WcmFolder>
    <id class='java.lang.Long'>156</id>
    <aliasURI class='java.lang.String'>widgets</aliasURI>
    <changedBy class='java.lang.String'>unknown</changedBy>
    <changedOn class='java.sql.Timestamp'>Mon Apr 18 01:21:27 2011</changedOn>
    <children class='org.hibernate.collection.PersistentSortedSet'>
      <org.weceem.content.WcmWidget>157</org.weceem.content.WcmWidget>
      <org.weceem.content.WcmWidget>163</org.weceem.content.WcmWidget>
      <org.weceem.content.WcmWidget>164</org.weceem.content.WcmWidget>
      <org.weceem.content.WcmWidget>165</org.weceem.content.WcmWidget>
      <org.weceem.content.WcmWidget>171</org.weceem.content.WcmWidget>
    </children>
    <createdBy class='java.lang.String'>unknown</createdBy>
    <createdOn class='java.sql.Timestamp'>Wed Sep 16 12:17:53 2009</createdOn>
    <orderIndex class='java.lang.Integer'>12</orderIndex>
    <publishFrom class='java.sql.Timestamp'>Wed Jun 23 03:42:22 2010</publishFrom>
    <status class='org.weceem.content.WcmStatus'>400</status>
    <title class='java.lang.String'>Widgets</title>
    <validFor class='java.lang.Integer'>86400</validFor>
    <tags></tags>
  </org.weceem.content.WcmFolder>
  <org.weceem.content.WcmWidget>
    <id class='java.lang.Long'>157</id>
    <aliasURI class='java.lang.String'>blog-entry-widget</aliasURI>
    <changedBy class='java.lang.String'>unknown</changedBy>
    <changedOn class='java.sql.Timestamp'>Tue Aug 03 11:52:22 2010</changedOn>
    <children class='org.hibernate.collection.PersistentSortedSet' />
    <content class='java.lang.String'>&lt;div class="blog-entry-date"&gt;&lt;g:formatDate date="${node.publishFrom}" format="dd MMM yyyy 'at' hh:mm"/&gt;&lt;/div&gt;
&lt;div class="blog-entry-content"&gt;
${node.content}
&lt;/div&gt;
&lt;div class="blog-entry-post-info"&gt;
	&lt;span class="quiet"&gt;&lt;wcm:countChildren node="${node}" type="org.weceem.content.WcmComment"/&gt; Comments&lt;/span&gt;
&lt;/div&gt;
&lt;div class="blog-entry-post-info"&gt;
	&lt;span class="quiet"&gt;Tags:
	&lt;wcm:join in="${node.tags}" delimiter=", " var="tag"&gt;
		&lt;wcm:searchLink mode='tag' query="${tag}"&gt;${tag.encodeAsHTML()}&lt;/wcm:searchLink&gt;
	&lt;/wcm:join&gt;
	&lt;/span&gt;
&lt;/div&gt;</content>
    <createdBy class='java.lang.String'>unknown</createdBy>
    <createdOn class='java.sql.Timestamp'>Thu Aug 27 02:34:11 2009</createdOn>
    <language class='java.lang.String'>eng</language>
    <orderIndex class='java.lang.Integer'>1</orderIndex>
    <parent class='org.weceem.content.WcmFolder'>156</parent>
    <publishFrom class='java.sql.Timestamp'>Wed Jun 23 03:42:00 2010</publishFrom>
    <status class='org.weceem.content.WcmStatus'>400</status>
    <title class='java.lang.String'>Blog entry widget</title>
    <validFor class='java.lang.Integer'>86400</validFor>
    <tags></tags>
  </org.weceem.content.WcmWidget>
  <org.weceem.content.WcmFolder>
    <id class='java.lang.Long'>158</id>
    <aliasURI class='java.lang.String'>css</aliasURI>
    <changedBy class='java.lang.String'>unknown</changedBy>
    <changedOn class='java.sql.Timestamp'>Mon Apr 18 01:21:27 2011</changedOn>
    <children class='org.hibernate.collection.PersistentSortedSet'>
      <org.weceem.css.WcmStyleSheet>159</org.weceem.css.WcmStyleSheet>
    </children>
    <createdBy class='java.lang.String'>unknown</createdBy>
    <createdOn class='java.sql.Timestamp'>Tue Sep 22 11:19:36 2009</createdOn>
    <orderIndex class='java.lang.Integer'>14</orderIndex>
    <publishFrom class='java.sql.Timestamp'>Wed Jun 23 03:42:22 2010</publishFrom>
    <status class='org.weceem.content.WcmStatus'>400</status>
    <title class='java.lang.String'>Stylesheets</title>
    <validFor class='java.lang.Integer'>86400</validFor>
    <tags></tags>
  </org.weceem.content.WcmFolder>
  <org.weceem.css.WcmStyleSheet>
    <id class='java.lang.Long'>159</id>
    <aliasURI class='java.lang.String'>default.css</aliasURI>
    <changedBy class='java.lang.String'>unknown</changedBy>
    <changedOn class='java.sql.Timestamp'>Mon Apr 18 01:37:20 2011</changedOn>
    <children class='org.hibernate.collection.PersistentSortedSet' />
    <content class='java.lang.String'>div.menu {
   margin-bottom: 20px;
}

form label {
   width: 100px;
}

form input, form textarea {
}

form br {
   clear:both;
}

h3 {
   margin-top: 10px;
}
</content>
    <createdBy class='java.lang.String'>unknown</createdBy>
    <createdOn class='java.sql.Timestamp'>Thu Aug 27 02:41:26 2009</createdOn>
    <language class='java.lang.String'>eng</language>
    <orderIndex class='java.lang.Integer'>1</orderIndex>
    <parent class='org.weceem.content.WcmFolder'>158</parent>
    <publishFrom class='java.sql.Timestamp'>Wed Jun 23 03:42:00 2010</publishFrom>
    <status class='org.weceem.content.WcmStatus'>400</status>
    <title class='java.lang.String'>Default CSS</title>
    <validFor class='java.lang.Integer'>86400</validFor>
    <tags></tags>
  </org.weceem.css.WcmStyleSheet>
  <org.weceem.html.WcmHTMLContent>
    <id class='java.lang.Long'>160</id>
    <aliasURI class='java.lang.String'>index</aliasURI>
    <allowGSP class='java.lang.Boolean'>true</allowGSP>
    <changedBy class='java.lang.String'>admin</changedBy>
    <changedOn class='java.sql.Timestamp'>Thu Nov 18 03:39:28 2010</changedOn>
    <children class='org.hibernate.collection.PersistentSortedSet' />
    <content class='java.lang.String'>&lt;p&gt;This is the default Weceem space content. Use the &lt;g:link controller="wcmRepository"&gt;content repository to edit it&lt;/g:link&gt;.&lt;/p&gt;
&lt;p&gt;For documentation visit &lt;a href="http://weceem.org"&gt;www.weceem.org&lt;/a&gt;&lt;/p&gt;
&lt;p&gt;Here's an example news feed:
&lt;wcm:dataFeed url="http://feeds.bbci.co.uk/news/rss.xml"/&gt;
&lt;/p&gt;
&lt;p&gt;Here's an example &lt;wcm:link path="blog"&gt;Blog&lt;/wcm:link&gt;&lt;/p&gt;
</content>
    <createdBy class='java.lang.String'>unknown</createdBy>
    <createdOn class='java.sql.Timestamp'>Thu Aug 27 02:43:23 2009</createdOn>
    <language class='java.lang.String'>eng</language>
    <menuTitle class='java.lang.String'>Home</menuTitle>
    <orderIndex class='java.lang.Integer'>6</orderIndex>
    <publishFrom class='java.sql.Timestamp'>Wed Jun 23 03:42:00 2010</publishFrom>
    <status class='org.weceem.content.WcmStatus'>400</status>
    <template class='org.weceem.content.WcmTemplate'>154</template>
    <title class='java.lang.String'>Welcome</title>
    <validFor class='java.lang.Integer'>86400</validFor>
    <tags></tags>
  </org.weceem.html.WcmHTMLContent>
  <org.weceem.blog.WcmBlog>
    <id class='java.lang.Long'>161</id>
    <aliasURI class='java.lang.String'>blog</aliasURI>
    <changedBy class='java.lang.String'>unknown</changedBy>
    <changedOn class='java.sql.Timestamp'>Mon Apr 18 01:21:27 2011</changedOn>
    <children class='org.hibernate.collection.PersistentSortedSet'>
      <org.weceem.blog.WcmBlogEntry>162</org.weceem.blog.WcmBlogEntry>
    </children>
    <commentMarkup class='java.lang.String'>html</commentMarkup>
    <createdBy class='java.lang.String'>unknown</createdBy>
    <createdOn class='java.sql.Timestamp'>Mon Sep 07 04:28:02 2009</createdOn>
    <maxEntriesToDisplay class='java.lang.Integer'>5</maxEntriesToDisplay>
    <orderIndex class='java.lang.Integer'>11</orderIndex>
    <publishFrom class='java.sql.Timestamp'>Wed Jun 23 03:42:22 2010</publishFrom>
    <status class='org.weceem.content.WcmStatus'>400</status>
    <template class='org.weceem.content.WcmTemplate'>155</template>
    <title class='java.lang.String'>Our first Weceem Blog</title>
    <validFor class='java.lang.Integer'>86400</validFor>
    <tags></tags>
  </org.weceem.blog.WcmBlog>
  <org.weceem.blog.WcmBlogEntry>
    <id class='java.lang.Long'>162</id>
    <aliasURI class='java.lang.String'>My-first-post</aliasURI>
    <changedBy class='java.lang.String'>unknown</changedBy>
    <changedOn class='java.sql.Timestamp'>Mon Mar 28 12:54:09 2011</changedOn>
    <children class='org.hibernate.collection.PersistentSortedSet' />
    <content class='java.lang.String'>&lt;p&gt;Welcome to Weceem Blogs. You can create as many blogs as you like, with support for tags, feeds and comments.&lt;/p&gt;
&lt;p&gt;Lorem ipsum dolor sit amet, consectetur adipiscing elit. Duis tellus lacus, malesuada sit amet tincidunt sed, sagittis at enim. Duis sed lectus odio, eu volutpat nisi. Donec ut quam tortor, in suscipit lectus. Phasellus nisl massa, congue et porttitor ac, vestibulum vitae lorem. Nulla bibendum est quis dolor accumsan sed tempor risus convallis. Maecenas ut dapibus sem. In laoreet, elit sit amet sagittis pulvinar, massa nunc mollis ipsum, nec mattis massa libero eu neque. Vivamus id felis sem, in dapibus velit. Vestibulum nunc dui, tempus faucibus ultrices vel, bibendum eget nisi. Aenean mollis, ipsum a aliquet gravida, est ante scelerisque nisl, at iaculis erat metus vel lectus. Aliquam congue, neque ut elementum gravida, nisl magna feugiat tortor, at hendrerit justo est ac nisi.&lt;/p&gt;
&lt;p&gt;In hac habitasse platea dictumst. Mauris ac nulla ipsum. Donec tempor purus eu erat vehicula quis laoreet erat venenatis. Nullam lacinia vulputate purus in commodo. Cras tortor enim, tempus eget eleifend nec, ullamcorper eu diam. Donec pellentesque gravida magna, vel suscipit lacus posuere id. Vivamus eu congue est. Phasellus eleifend pharetra mauris, ac feugiat mi dictum a. Vivamus varius consequat consectetur. Pellentesque tellus nulla, porta a interdum in, euismod id nisi. Quisque condimentum, odio eu fermentum blandit, metus ante sodales nisi, a pulvinar lorem purus nec justo. Maecenas urna dolor, porta eget fermentum ut, posuere at risus. Nam vitae mauris sit amet nulla ultrices ultricies. Integer eu diam sit amet sem porttitor aliquam vel sodales magna. Morbi imperdiet gravida orci sed bibendum. Praesent a dolor at elit lobortis volutpat ut in urna. Quisque purus diam, euismod a pellentesque eget, tincidunt quis urna. In tempus, leo a varius pulvinar, leo magna suscipit diam, id pharetra diam mi ac tortor. Nam laoreet pretium lacus, at convallis purus varius vitae. Maecenas diam tortor, cursus ornare sodales sit amet, mollis quis lacus.&lt;/p&gt;</content>
    <createdBy class='java.lang.String'>unknown</createdBy>
    <createdOn class='java.sql.Timestamp'>Mon Sep 07 04:29:05 2009</createdOn>
    <keywords class='java.lang.String'>post</keywords>
    <language class='java.lang.String'>eng</language>
    <orderIndex class='java.lang.Integer'>0</orderIndex>
    <parent class='org.weceem.blog.WcmBlog'>161</parent>
    <publishFrom class='java.sql.Timestamp'>Wed Jun 23 03:42:00 2010</publishFrom>
    <status class='org.weceem.content.WcmStatus'>400</status>
    <title class='java.lang.String'>My first post</title>
    <validFor class='java.lang.Integer'>86400</validFor>
    <tags>news,pr</tags>
  </org.weceem.blog.WcmBlogEntry>
  <org.weceem.content.WcmWidget>
    <id class='java.lang.Long'>163</id>
    <aliasURI class='java.lang.String'>common-head</aliasURI>
    <changedBy class='java.lang.String'>unknown</changedBy>
    <changedOn class='java.sql.Timestamp'>Mon Apr 18 01:32:28 2011</changedOn>
    <children class='org.hibernate.collection.PersistentSortedSet' />
    <content class='java.lang.String'>&lt;!-- Render the page title --&gt;
&lt;title&gt;${node.titleForHTML.encodeAsHTML()}&lt;/title&gt;
&lt;!-- Render the links to CSS --&gt;
&lt;wcm:resource path="css/default.css"/&gt;
</content>
    <createdBy class='java.lang.String'>unknown</createdBy>
    <createdOn class='java.sql.Timestamp'>Tue Sep 22 01:32:35 2009</createdOn>
    <language class='java.lang.String'>eng</language>
    <orderIndex class='java.lang.Integer'>2</orderIndex>
    <parent class='org.weceem.content.WcmFolder'>156</parent>
    <publishFrom class='java.sql.Timestamp'>Wed Jun 23 03:42:00 2010</publishFrom>
    <status class='org.weceem.content.WcmStatus'>400</status>
    <title class='java.lang.String'>Common HEAD section</title>
    <validFor class='java.lang.Integer'>86400</validFor>
    <tags></tags>
  </org.weceem.content.WcmWidget>
  <org.weceem.content.WcmWidget>
    <id class='java.lang.Long'>164</id>
    <aliasURI class='java.lang.String'>header</aliasURI>
    <changedBy class='java.lang.String'>unknown</changedBy>
    <changedOn class='java.sql.Timestamp'>Mon Apr 18 01:35:09 2011</changedOn>
    <children class='org.hibernate.collection.PersistentSortedSet' />
    <content class='java.lang.String'>  &lt;!-- Using this tag you can show content to the
       user eg an EDIT THIS button --&gt;
  &lt;wcm:ifUserCanEdit&gt;
  &lt;div&gt;
    &lt;div id="admin-functions"&gt;
      &lt;g:link controller="wcmEditor" action="edit" id="${node.id}"&gt;Edit&lt;/g:link&gt;    
    &lt;/div&gt;
  &lt;/div&gt;
  &lt;/wcm:ifUserCanEdit&gt;
  
  &lt;div&gt;
    &lt;div id="admin-functions"&gt;
      &lt;wcm:search types="org.weceem.html.WcmHTMLContent,org.weceem.blog.WcmBlogEntry,org.weceem.content.WcmComment"/&gt;
    &lt;/div&gt;
  &lt;/div&gt;  
  
  &lt;div&gt;
    &lt;div id="content-title"&gt;
      &lt;!-- This is how you link to files uploaded via FCK editor --&gt;
      &lt;img src="${wcm.createLinkToFile(path:'Image/weceem-logo.png')}"/&gt;
    &lt;/div&gt;
  &lt;/div&gt;
  &lt;div&gt;
    &lt;div id="content-menu"&gt;
      &lt;%-- Simple static ul/li menus can be rendered so:
        &lt;wcm:menu levels="1"/&gt;
      --%&gt;
      &lt;%-- See Common HEAD widget for jquery code that turns this
           default ul/li menu into a dynamic menu. It is slightly 
           tricky because we need to handle nested &lt;ul&gt; but
           make sure we close the &lt;/li&gt; correctly --%&gt;
      &lt;wcm:menu levels="2" custom="true"&gt;
        &lt;g:if test="${first}"&gt;
          &lt;ul&gt;
        &lt;/g:if&gt;
          &lt;li class="${active ? 'current' : ''}"&gt;&lt;a href="${link}"&gt;${menuNode.titleForMenu.encodeAsHTML()}&lt;/a&gt;
          ${nested}
          &lt;/li&gt;
        &lt;g:if test="${last}"&gt;
          &lt;/ul&gt;
        &lt;/g:if&gt;
      &lt;/wcm:menu&gt;
    &lt;/div&gt;

    &lt;!-- Only show breadcrumb if the current node is a child --&gt;
    &lt;g:if test="${node.parent}"&gt;
    &lt;div id="content-breadcrumb"&gt;
      &lt;!-- Use the breadcrumb tag to render links to all parents --&gt;
      &lt;wcm:link path="index"&gt;Home&lt;/wcm:link&gt; &amp;gt; &lt;wcm:breadcrumb/&gt;
    &lt;/div&gt;
    &lt;/g:if&gt;
    &lt;div id="content-title"&gt;
      &lt;h1&gt;${node.title.encodeAsHTML()}&lt;/h1&gt;
    &lt;/div&gt;
  &lt;/div&gt;
  </content>
    <createdBy class='java.lang.String'>unknown</createdBy>
    <createdOn class='java.sql.Timestamp'>Tue Sep 22 01:38:15 2009</createdOn>
    <language class='java.lang.String'>eng</language>
    <orderIndex class='java.lang.Integer'>3</orderIndex>
    <parent class='org.weceem.content.WcmFolder'>156</parent>
    <publishFrom class='java.sql.Timestamp'>Wed Jun 23 03:42:00 2010</publishFrom>
    <status class='org.weceem.content.WcmStatus'>400</status>
    <title class='java.lang.String'>Common header</title>
    <validFor class='java.lang.Integer'>86400</validFor>
    <tags></tags>
  </org.weceem.content.WcmWidget>
  <org.weceem.content.WcmWidget>
    <id class='java.lang.Long'>165</id>
    <aliasURI class='java.lang.String'>footer</aliasURI>
    <changedBy class='java.lang.String'>unknown</changedBy>
    <changedOn class='java.sql.Timestamp'>Mon Apr 18 01:31:53 2011</changedOn>
    <children class='org.hibernate.collection.PersistentSortedSet' />
    <content class='java.lang.String'>&lt;div class="container prepend-top"&gt;
  &lt;div class="span-24 last"&gt;
    &lt;hr/&gt;
    &amp;copy; 2011 Your Company Here
  &lt;/div&gt;
&lt;/div&gt;</content>
    <createdBy class='java.lang.String'>unknown</createdBy>
    <createdOn class='java.sql.Timestamp'>Tue Sep 22 01:38:33 2009</createdOn>
    <language class='java.lang.String'>eng</language>
    <orderIndex class='java.lang.Integer'>4</orderIndex>
    <parent class='org.weceem.content.WcmFolder'>156</parent>
    <publishFrom class='java.sql.Timestamp'>Wed Jun 23 03:42:00 2010</publishFrom>
    <status class='org.weceem.content.WcmStatus'>400</status>
    <title class='java.lang.String'>Common footer</title>
    <validFor class='java.lang.Integer'>86400</validFor>
    <tags></tags>
  </org.weceem.content.WcmWidget>
  <org.weceem.content.WcmFolder>
    <id class='java.lang.Long'>166</id>
    <aliasURI class='java.lang.String'>js</aliasURI>
    <changedBy class='java.lang.String'>unknown</changedBy>
    <changedOn class='java.sql.Timestamp'>Tue Sep 29 11:07:04 2009</changedOn>
    <children class='org.hibernate.collection.PersistentSortedSet' />
    <createdBy class='java.lang.String'>unknown</createdBy>
    <createdOn class='java.sql.Timestamp'>Mon Sep 28 04:05:53 2009</createdOn>
    <orderIndex class='java.lang.Integer'>16</orderIndex>
    <publishFrom class='java.sql.Timestamp'>Wed Jun 23 03:42:22 2010</publishFrom>
    <status class='org.weceem.content.WcmStatus'>400</status>
    <title class='java.lang.String'>JavaScript</title>
    <validFor class='java.lang.Integer'>86400</validFor>
    <tags></tags>
  </org.weceem.content.WcmFolder>
  <org.weceem.files.WcmContentDirectory>
    <id class='java.lang.Long'>167</id>
    <aliasURI class='java.lang.String'>Image</aliasURI>
    <changedBy class='java.lang.String'>unknown</changedBy>
    <changedOn class='java.sql.Timestamp'>Mon Apr 18 01:21:27 2011</changedOn>
    <children class='org.hibernate.collection.PersistentSortedSet'>
      <org.weceem.files.WcmContentFile>168</org.weceem.files.WcmContentFile>
    </children>
    <createdBy class='java.lang.String'>unknown</createdBy>
    <createdOn class='java.sql.Timestamp'>Mon Sep 28 04:09:06 2009</createdOn>
    <fileSize class='java.lang.Long'>0</fileSize>
    <filesCount class='java.lang.Integer'>22</filesCount>
    <orderIndex class='java.lang.Integer'>10</orderIndex>
    <publishFrom class='java.sql.Timestamp'>Wed Jun 23 03:42:22 2010</publishFrom>
    <status class='org.weceem.content.WcmStatus'>400</status>
    <syncStatus class='java.lang.Short'>0</syncStatus>
    <title class='java.lang.String'>Image</title>
    <validFor class='java.lang.Integer'>86400</validFor>
    <tags></tags>
  </org.weceem.files.WcmContentDirectory>
  <org.weceem.files.WcmContentFile>
    <id class='java.lang.Long'>168</id>
    <aliasURI class='java.lang.String'>weceem-logo.png</aliasURI>
    <changedBy class='java.lang.String'>unknown</changedBy>
    <changedOn class='java.sql.Timestamp'>Mon Sep 28 04:09:06 2009</changedOn>
    <children class='org.hibernate.collection.PersistentSortedSet' />
    <createdBy class='java.lang.String'>unknown</createdBy>
    <createdOn class='java.sql.Timestamp'>Mon Sep 28 04:09:06 2009</createdOn>
    <fileSize class='java.lang.Long'>3393</fileSize>
    <orderIndex class='java.lang.Integer'>0</orderIndex>
    <parent class='org.weceem.files.WcmContentDirectory'>167</parent>
    <publishFrom class='java.sql.Timestamp'>Wed Jun 23 03:42:22 2010</publishFrom>
    <status class='org.weceem.content.WcmStatus'>400</status>
    <syncStatus class='java.lang.Short'>0</syncStatus>
    <title class='java.lang.String'>weceem-logo.png</title>
    <validFor class='java.lang.Integer'>86400</validFor>
    <tags></tags>
  </org.weceem.files.WcmContentFile>
  <org.weceem.content.WcmFolder>
    <id class='java.lang.Long'>169</id>
    <aliasURI class='java.lang.String'>libs</aliasURI>
    <changedBy class='java.lang.String'>unknown</changedBy>
    <changedOn class='java.sql.Timestamp'>Mon Mar 28 12:54:46 2011</changedOn>
    <children class='org.hibernate.collection.PersistentSortedSet' />
    <createdBy class='java.lang.String'>unknown</createdBy>
    <createdOn class='java.sql.Timestamp'>Tue Sep 29 11:05:55 2009</createdOn>
    <orderIndex class='java.lang.Integer'>15</orderIndex>
    <publishFrom class='java.sql.Timestamp'>Wed Jun 23 03:42:22 2010</publishFrom>
    <status class='org.weceem.content.WcmStatus'>400</status>
    <title class='java.lang.String'>Libraries</title>
    <validFor class='java.lang.Integer'>86400</validFor>
    <tags></tags>
  </org.weceem.content.WcmFolder>
  <org.weceem.files.WcmContentDirectory>
    <id class='java.lang.Long'>170</id>
    <aliasURI class='java.lang.String'>resources</aliasURI>
    <changedBy class='java.lang.String'>unknown</changedBy>
    <changedOn class='java.sql.Timestamp'>Mon Mar 28 01:08:11 2011</changedOn>
    <children class='org.hibernate.collection.PersistentSortedSet' />
    <createdBy class='java.lang.String'>unknown</createdBy>
    <createdOn class='java.sql.Timestamp'>Mon Jan 04 04:17:05 2010</createdOn>
    <fileSize class='java.lang.Long'>0</fileSize>
    <filesCount class='java.lang.Integer'>0</filesCount>
    <orderIndex class='java.lang.Integer'>18</orderIndex>
    <publishFrom class='java.sql.Timestamp'>Wed Jun 23 03:42:22 2010</publishFrom>
    <status class='org.weceem.content.WcmStatus'>400</status>
    <syncStatus class='java.lang.Short'>0</syncStatus>
    <title class='java.lang.String'>resources</title>
    <validFor class='java.lang.Integer'>86400</validFor>
    <tags></tags>
  </org.weceem.files.WcmContentDirectory>
  <org.weceem.content.WcmWidget>
    <id class='java.lang.Long'>171</id>
    <aliasURI class='java.lang.String'>comment-submission-form</aliasURI>
    <changedBy class='java.lang.String'>unknown</changedBy>
    <changedOn class='java.sql.Timestamp'>Fri Jul 09 01:30:40 2010</changedOn>
    <children class='org.hibernate.collection.PersistentSortedSet' />
    <content class='java.lang.String'>&lt;g:hasErrors bean="${submittedContent}"&gt;
There were some errors on your submission, please check below
&lt;/g:hasErrors&gt;
&lt;wcm:submitContentForm parent="${parentContent}" type="org.weceem.content.WcmComment" success="${parentContent}"&gt;
   &lt;bean:require beanName="submittedContent" className="org.weceem.content.WcmComment"/&gt;
   &lt;bean:field beanName="submittedContent" property="author" label="Your name"/&gt;
   &lt;bean:field beanName="submittedContent" property="email"/&gt;
   &lt;bean:input beanName="submittedContent" property="websiteUrl" label="Website URL"/&gt;
   &lt;bean:input beanName="submittedContent" property="title"/&gt;
   &lt;bean:field beanName="submittedContent" property="content" label="Your comment"/&gt;
   &lt;input type="submit" class="button positive" value="Send comment"/&gt;
&lt;/wcm:submitContentForm&gt;
</content>
    <createdBy class='java.lang.String'>unknown</createdBy>
    <createdOn class='java.sql.Timestamp'>Tue Jan 19 04:05:52 2010</createdOn>
    <language class='java.lang.String'>eng</language>
    <orderIndex class='java.lang.Integer'>7</orderIndex>
    <parent class='org.weceem.content.WcmFolder'>156</parent>
    <publishFrom class='java.sql.Timestamp'>Wed Jun 23 03:42:00 2010</publishFrom>
    <status class='org.weceem.content.WcmStatus'>400</status>
    <title class='java.lang.String'>Content submission form</title>
    <validFor class='java.lang.Integer'>86400</validFor>
    <tags></tags>
  </org.weceem.content.WcmWidget>
  <org.weceem.content.WcmFolder>
    <id class='java.lang.Long'>172</id>
    <aliasURI class='java.lang.String'>scripts</aliasURI>
    <changedBy class='java.lang.String'>unknown</changedBy>
    <changedOn class='java.sql.Timestamp'>Mon Apr 18 01:21:27 2011</changedOn>
    <children class='org.hibernate.collection.PersistentSortedSet'>
      <org.weceem.script.WcmScript>176</org.weceem.script.WcmScript>
      <org.weceem.script.WcmAction>177</org.weceem.script.WcmAction>
    </children>
    <createdBy class='java.lang.String'>unknown</createdBy>
    <createdOn class='java.sql.Timestamp'>Fri Feb 05 05:03:12 2010</createdOn>
    <orderIndex class='java.lang.Integer'>22</orderIndex>
    <publishFrom class='java.sql.Timestamp'>Wed Jun 23 03:42:23 2010</publishFrom>
    <status class='org.weceem.content.WcmStatus'>400</status>
    <title class='java.lang.String'>Scripts</title>
    <validFor class='java.lang.Integer'>86400</validFor>
    <tags></tags>
  </org.weceem.content.WcmFolder>
  <org.weceem.content.WcmFolder>
    <id class='java.lang.Long'>173</id>
    <aliasURI class='java.lang.String'>views</aliasURI>
    <changedBy class='java.lang.String'>unknown</changedBy>
    <changedOn class='java.sql.Timestamp'>Mon Apr 18 01:21:27 2011</changedOn>
    <children class='org.hibernate.collection.PersistentSortedSet'>
      <org.weceem.html.WcmHTMLContent>174</org.weceem.html.WcmHTMLContent>
      <org.weceem.html.WcmHTMLContent>175</org.weceem.html.WcmHTMLContent>
    </children>
    <createdBy class='java.lang.String'>unknown</createdBy>
    <createdOn class='java.sql.Timestamp'>Fri Feb 05 05:01:30 2010</createdOn>
    <orderIndex class='java.lang.Integer'>21</orderIndex>
    <publishFrom class='java.sql.Timestamp'>Wed Jun 23 03:42:23 2010</publishFrom>
    <status class='org.weceem.content.WcmStatus'>400</status>
    <title class='java.lang.String'>Views</title>
    <validFor class='java.lang.Integer'>86400</validFor>
    <tags></tags>
  </org.weceem.content.WcmFolder>
  <org.weceem.html.WcmHTMLContent>
    <id class='java.lang.Long'>174</id>
    <aliasURI class='java.lang.String'>search-results</aliasURI>
    <allowGSP class='java.lang.Boolean'>true</allowGSP>
    <changedBy class='java.lang.String'>unknown</changedBy>
    <changedOn class='java.sql.Timestamp'>Fri Feb 26 04:21:03 2010</changedOn>
    <children class='org.hibernate.collection.PersistentSortedSet' />
    <content class='java.lang.String'>&lt;p&gt;Your search for &amp;quot;${params.query.encodeAsHTML()}&amp;quot; returned ${searchResults.total} results:&lt;/p&gt;
&lt;g:each in="${searchResults.results}" var="r"&gt;
&lt;wcm:ifUserCanView node="${r}"&gt;
&lt;div class="searchResult"&gt;&lt;wcm:link path="${r.absoluteURI}"&gt;${r.title.encodeAsHTML()}&lt;/wcm:link&gt; (Space: ${r.space.name.encodeAsHTML()})&lt;br /&gt;
&lt;wcm:summarize encodeAs="HTML"&gt;${r.contentAsText}&lt;/wcm:summarize&gt;&lt;/div&gt;
&lt;/wcm:ifUserCanView&gt;
&lt;/g:each&gt;</content>
    <createdBy class='java.lang.String'>unknown</createdBy>
    <createdOn class='java.sql.Timestamp'>Fri Feb 05 05:02:07 2010</createdOn>
    <orderIndex class='java.lang.Integer'>0</orderIndex>
    <parent class='org.weceem.content.WcmFolder'>173</parent>
    <publishFrom class='java.sql.Timestamp'>Wed Jun 23 03:42:23 2010</publishFrom>
    <status class='org.weceem.content.WcmStatus'>400</status>
    <template class='org.weceem.content.WcmTemplate'>154</template>
    <title class='java.lang.String'>Search Results</title>
    <validFor class='java.lang.Integer'>86400</validFor>
    <tags></tags>
  </org.weceem.html.WcmHTMLContent>
  <org.weceem.html.WcmHTMLContent>
    <id class='java.lang.Long'>175</id>
    <aliasURI class='java.lang.String'>archive-results</aliasURI>
    <allowGSP class='java.lang.Boolean'>true</allowGSP>
    <changedBy class='java.lang.String'>unknown</changedBy>
    <changedOn class='java.sql.Timestamp'>Mon Feb 15 02:41:38 2010</changedOn>
    <children class='org.hibernate.collection.PersistentSortedSet' />
    <content class='java.lang.String'>&lt;p&gt;Archive for ${day} ${wcm.monthName(value:month)} ${year}:&lt;/p&gt;
&lt;g:each in="${archiveEntries}" var="r"&gt;
&lt;div class="searchResult"&gt;&lt;wcm:link path="${r.absoluteURI}"&gt;${r.title.encodeAsHTML()}&lt;/wcm:link&gt;&lt;br /&gt;
&lt;wcm:content node="${r}"/&gt;&lt;/div&gt;
&lt;/g:each&gt;</content>
    <createdBy class='java.lang.String'>unknown</createdBy>
    <createdOn class='java.sql.Timestamp'>Fri Feb 05 05:11:15 2010</createdOn>
    <orderIndex class='java.lang.Integer'>1</orderIndex>
    <parent class='org.weceem.content.WcmFolder'>173</parent>
    <publishFrom class='java.sql.Timestamp'>Wed Jun 23 03:42:23 2010</publishFrom>
    <status class='org.weceem.content.WcmStatus'>400</status>
    <template class='org.weceem.content.WcmTemplate'>154</template>
    <title class='java.lang.String'>Archive Results</title>
    <validFor class='java.lang.Integer'>86400</validFor>
    <tags></tags>
  </org.weceem.html.WcmHTMLContent>
  <org.weceem.script.WcmScript>
    <id class='java.lang.Long'>176</id>
    <aliasURI class='java.lang.String'>mail</aliasURI>
    <changedBy class='java.lang.String'>unknown</changedBy>
    <changedOn class='java.sql.Timestamp'>Fri Jun 25 04:40:51 2010</changedOn>
    <children class='org.hibernate.collection.PersistentSortedSet' />
    <content class='java.lang.String'>/**
 * Script to send email using the grails-mail plugin
 * Expects request params:
 *    senderAddress - email address of sender
 *    message - email body
 */
// @todo we need args from Action nodes to parameterize this
// safely (can't use params due to injection/spam risk)
def args = [
	recipients:'admin@yourserver.com',
	subject:'Message from website visitor'
]

try {
	sendMail {
		to args.recipients
		if (args.ccRecipients) {
			cc args.ccRecipients
		}
		subject args.subject
	
		from params.senderAddress
		body params.message
	}
	redirect(uri:params.success)
} catch (Exception e) {
	log.error "Can't send mail", e
	redirect(uri:params.error)
}
</content>
    <createdBy class='java.lang.String'>admin</createdBy>
    <createdOn class='java.sql.Timestamp'>Wed Jun 23 05:43:26 2010</createdOn>
    <description class='java.lang.String'>Sends an email to a recipient</description>
    <orderIndex class='java.lang.Integer'>2</orderIndex>
    <parent class='org.weceem.content.WcmFolder'>172</parent>
    <publishFrom class='java.sql.Timestamp'>Wed Jun 23 05:37:00 2010</publishFrom>
    <status class='org.weceem.content.WcmStatus'>400</status>
    <title class='java.lang.String'>Send e-mail</title>
    <validFor class='java.lang.Integer'>86400</validFor>
    <tags></tags>
  </org.weceem.script.WcmScript>
  <org.weceem.script.WcmAction>
    <id class='java.lang.Long'>177</id>
    <aliasURI class='java.lang.String'>contact-form</aliasURI>
    <allowedMethods class='java.lang.String'>POST</allowedMethods>
    <changedBy class='java.lang.String'>admin</changedBy>
    <changedOn class='java.sql.Timestamp'>Wed Jun 23 05:54:11 2010</changedOn>
    <children class='org.hibernate.collection.PersistentSortedSet' />
    <contentDependencies class='java.lang.String'>scripts/mail</contentDependencies>
    <createdBy class='java.lang.String'>admin</createdBy>
    <createdOn class='java.sql.Timestamp'>Wed Jun 23 05:46:24 2010</createdOn>
    <description class='java.lang.String'>Take senderEmail and message params and post to server admin</description>
    <orderIndex class='java.lang.Integer'>3</orderIndex>
    <parent class='org.weceem.content.WcmFolder'>172</parent>
    <publishFrom class='java.sql.Timestamp'>Wed Jun 23 05:45:00 2010</publishFrom>
    <script class='org.weceem.script.WcmScript'>176</script>
    <status class='org.weceem.content.WcmStatus'>400</status>
    <title class='java.lang.String'>Contact form</title>
    <validFor class='java.lang.Integer'>86400</validFor>
    <tags></tags>
  </org.weceem.script.WcmAction>
</content>