<content>
  <org.weceem.content.Template>
    <id class='java.lang.Long'>2</id>
    <aliasURI class='java.lang.String'>default-template</aliasURI>
    <children class='org.hibernate.collection.PersistentSortedSet' />
    <content class='java.lang.String'>&lt;html&gt;
&lt;head&gt;
&lt;title&gt;${node.title.encodeAsHTML()}&lt;/title&gt;
&lt;body&gt;
	&lt;div id="content"&gt;
		&lt;wcm:content/&gt;
	&lt;/div&gt;
&lt;/body&gt;
&lt;/html&gt;</content>
    <createdBy class='java.lang.String'>unknown</createdBy>
    <createdOn class='java.sql.Timestamp'>Thu Aug 27 02:23:08 2009</createdOn>
    <orderIndex class='java.lang.Integer'>0</orderIndex>
    <status class='org.weceem.content.Status'>400</status>
    <title class='java.lang.String'>Default</title>
  </org.weceem.content.Template>
  <org.weceem.content.Template>
    <id class='java.lang.Long'>4</id>
    <aliasURI class='java.lang.String'>default-blog-template</aliasURI>
    <changedBy class='java.lang.String'>unknown</changedBy>
    <changedOn class='java.sql.Timestamp'>Thu Aug 27 02:37:40 2009</changedOn>
    <children class='org.hibernate.collection.PersistentSortedSet' />
    <content class='java.lang.String'>&lt;html&gt;
&lt;head&gt;
&lt;title&gt;${node.title.encodeAsHTML()}&lt;/title&gt;
&lt;body&gt;
	&lt;h1&gt;Blog: ${node.title.encodeAsHTML()}&lt;/h1&gt;
	&lt;div id="content"&gt;
		&lt;wcm:ifContentIs type="org.weceem.content.blog.Blog"&gt;
			&lt;wcm:eachChild type="org.weceem.content.blog.BlogEntry" max="${node.maxEntriesToDisplay}" sort="createdOn" order="DESC"&gt;
				&lt;wcm:widget path="blog-entry-widget"/&gt;
			&lt;wcm:eachChild/&gt;
		&lt;/wcm:ifContentIs&gt;
		&lt;wcm:ifContentIs type="org.weceem.content.blog.BlogEntry"&gt;
			&lt;wcm:widget path="blog-entry-widget"/&gt;
		&lt;/wcm:ifContentIs&gt;
	&lt;/div&gt;
&lt;/body&gt;
&lt;/html&gt;</content>
    <createdBy class='java.lang.String'>unknown</createdBy>
    <createdOn class='java.sql.Timestamp'>Thu Aug 27 02:27:45 2009</createdOn>
    <orderIndex class='java.lang.Integer'>0</orderIndex>
    <status class='org.weceem.content.Status'>400</status>
    <title class='java.lang.String'>Default blog template</title>
  </org.weceem.content.Template>
  <org.weceem.content.Widget>
    <id class='java.lang.Long'>5</id>
    <aliasURI class='java.lang.String'>blog-entry-widget</aliasURI>
    <children class='org.hibernate.collection.PersistentSortedSet' />
    <content class='java.lang.String'>&lt;h1&gt;${node.title.encodeAsHTML()}&lt;/h1&gt;
&lt;div class="blogEntry_body"&gt;
&lt;wcm:content/&gt;
&lt;/div&gt;
</content>
    <createdBy class='java.lang.String'>unknown</createdBy>
    <createdOn class='java.sql.Timestamp'>Thu Aug 27 02:34:11 2009</createdOn>
    <orderIndex class='java.lang.Integer'>0</orderIndex>
    <status class='org.weceem.content.Status'>400</status>
    <title class='java.lang.String'>Blog entry widget</title>
  </org.weceem.content.Widget>
  <org.weceem.css.StyleSheet>
    <id class='java.lang.Long'>6</id>
    <aliasURI class='java.lang.String'>default-css</aliasURI>
    <children class='org.hibernate.collection.PersistentSortedSet' />
    <content class='java.lang.String'>body {
  margin: 0;
  padding: 0;
}
</content>
    <createdBy class='java.lang.String'>unknown</createdBy>
    <createdOn class='java.sql.Timestamp'>Thu Aug 27 02:41:26 2009</createdOn>
    <orderIndex class='java.lang.Integer'>0</orderIndex>
    <status class='org.weceem.content.Status'>400</status>
    <title class='java.lang.String'>Default CSS</title>
  </org.weceem.css.StyleSheet>
  <org.weceem.html.HTMLContent>
    <id class='java.lang.Long'>7</id>
    <aliasURI class='java.lang.String'>index</aliasURI>
    <children class='org.hibernate.collection.PersistentSortedSet' />
    <content class='java.lang.String'>&lt;h1&gt;&amp;nbsp;Welcome&lt;/h1&gt;
&lt;p&gt;This is the default Weceem space content. Use the content repository to edit it.&lt;/p&gt;
&lt;p&gt;&lt;a href="http://weceem.org"&gt;www.weceem.org&lt;/a&gt;&lt;/p&gt;
&lt;p&gt;&amp;nbsp;&lt;/p&gt;</content>
    <createdBy class='java.lang.String'>unknown</createdBy>
    <createdOn class='java.sql.Timestamp'>Thu Aug 27 02:43:23 2009</createdOn>
    <orderIndex class='java.lang.Integer'>0</orderIndex>
    <status class='org.weceem.content.Status'>400</status>
    <title class='java.lang.String'>Welcome</title>
  </org.weceem.html.HTMLContent>
</content>